UPS Hundredweight Service�,,,,,,,
Daily Rates for Multiple-Package Domestic Shipments,,,,,,,
"EFFECTIVE JANUARY 3, 2005",,,,,,,
Rates do not include a fuel surcharge.,,,,,,,

UPS Next Day Air Saver�,,,,,,,
Hundredweight Shipment Rates per Pound,,,,,,,
Weight Not To Exceed,Zone 132,Zone 133,Zone 134,Zone 135,Zone 136,Zone 137,Zone 138
100 to 499 Lbs.,$1.15 ,$1.63 ,$2.29 ,$2.71 ,$2.98 ,$3.09 ,$3.23 
500 to 999 Lbs.,$1.10 ,$1.51 ,$2.18 ,$2.56 ,$2.84 ,$2.98 ,$3.09 
1000+  Lbs.,$1.12 ,$1.54 ,$2.22 ,$2.61 ,$2.90 ,$3.03 ,$3.16 

Note: The minimum charge for a Next Day Saver hundredweight shipment will be based on an ,,,,,,,
average weight of 10 pounds per package.  Minimum shipment of 100 pounds.,,,,,,,

Note:  UPS Next Day Air Saver hundredweight rates are for both Commercial and Residential shipments.,,,,,,,
