UPS Hundredweight Service�,,,,,,,
Daily Rates for Multiple-Package Domestic Shipments,,,,,,,
"EFFECTIVE JANUARY 3, 2005",,,,,,,
Rates do not include a fuel surcharge.,,,,,,,

UPS 2nd Day Air A.M.�,,,,,,,
Hundredweight Shipment Rates per Pound,,,,,,,
Weight Not To Exceed,Zone 242,Zone 243,Zone 244,Zone 245,Zone 246,Zone 247,Zone 248
100 to 499 Lbs.,$0.91 ,$1.09 ,$1.40 ,$1.90 ,$2.42 ,$2.66 ,$2.91 
500 to 999 Lbs.,$0.85 ,$1.02 ,$1.35 ,$1.80 ,$2.30 ,$2.55 ,$2.80 
1000+  Lbs.,$0.88 ,$1.05 ,$1.38 ,$1.83 ,$2.34 ,$2.59 ,$2.86 

Note: The minimum charge for a 2nd Day A.M. hundredweight shipment will be based on an ,,,,,,,
average weight of 10 pounds per package.  Shipment minimum of 100 pounds.,,,,,,,
