UPS Hundredweight Service�,,,,,,,
Daily Rates for Multiple-Package Domestic Shipments,,,,,,,
"EFFECTIVE JANUARY 6, 2003",,,,,,,
Rates do not include a fuel surcharge.,,,,,,,

UPS Next Day Air�,,,,,,,
Hundredweight Shipment Rates per Pound,,,,,,,
Weight Not To Exceed, Zone 102 , Zone 103 , Zone 104 , Zone 105 , Zone 106 , Zone 107 , Zone 108 
100 to 499 Lbs.,1.3,1.68,2.38,2.82,3.02,3.19,3.31
500 to 999 Lbs.,1.24,1.56,2.28,2.7,2.91,3.08,3.19
1000+  Lbs.,1.26,1.6,2.32,2.75,2.96,3.15,3.25

Note: The minimum charge for a Next Day hundredweight shipment will be based on an ,,,,,,,
average weight of 10 pounds per package.  Minimum shipment of 100 pounds.,,,,,,,

Note:  UPS Next Day Air hundredweight rates are for both Commercial and Residential shipments.,,,,,,,
