UPS Hundredweight Service�,,,,,,,
Daily Rates for Multiple-Package Domestic Shipments,,,,,,,
"EFFECTIVE JANUARY 5, 2004",,,,,,,
Rates do not include a fuel surcharge.,,,,,,,

UPS Next Day Air�,,,,,,,
Hundredweight Shipment Rates per Pound,,,,,,,
Weight Not To Exceed, Zone 102 , Zone 103 , Zone 104 , Zone 105 , Zone 106 , Zone 107 , Zone 108 
100 to 499 Lbs.,1.3,1.74,2.46,2.91,3.12,3.3,3.42
500 to 999 Lbs.,1.24,1.61,2.36,2.79,3.01,3.18,3.3
1000+  Lbs.,1.26,1.65,2.4,2.84,3.06,3.25,3.36

Note: The minimum charge for a Next Day hundredweight shipment will be based on an ,,,,,,,
average weight of 10 pounds per package.  Minimum shipment of 100 pounds.,,,,,,,

Note:  UPS Next Day Air hundredweight rates are for both Commercial and Residential shipments.,,,,,,,
