UPS Hundredweight Service�,,,,,,,
Daily Rates for Multiple-Package Domestic Shipments,,,,,,,
"EFFECTIVE JANUARY 6, 2003",,,,,,,
Rates do not include a fuel surcharge.,,,,,,,

UPS Next Day Air Saver�,,,,,,,
Hundredweight Shipment Rates per Pound,,,,,,,
Weight Not To Exceed,Zone 132,Zone 133,Zone 134,Zone 135,Zone 136,Zone 137,Zone 138
100 to 499 Lbs.,1.15,1.54,2.16,2.53,2.8,2.91,3.04
500 to 999 Lbs.,1.1,1.42,2.05,2.4,2.68,2.8,2.91
1000+  Lbs.,1.12,1.45,2.09,2.44,2.73,2.85,2.98

Note: The minimum charge for a Next Day Saver hundredweight shipment will be based on an ,,,,,,,
average weight of 10 pounds per package.  Minimum shipment of 100 pounds.,,,,,,,

Note:  UPS Next Day Air Saver hundredweight rates are for both Commercial and Residential shipments.,,,,,,,
