UPS Hundredweight Service�,,,,,,,
Daily Rates for Multiple-Package Domestic Shipments,,,,,,,
"EFFECTIVE JANUARY 6, 2003",,,,,,,
Rates do not include a fuel surcharge.,,,,,,,

UPS 3 Day Select�,,,,,,,
Hundredweight Shipment Rates per Hundredweight Unit,,,,,,,
Weight Not To Exceed,Zone 302,Zone 303,Zone 304,Zone 305,Zone 306,Zone 307,Zone 308
200 to 499 Lbs.,47.3,59.9,70.8,86.35,106,121.3,134.3
500 to 999 Lbs.,44.9,56.9,67.3,82.3,100.95,115.55,127.85
1000+  Lbs.,45.8,58.05,68.65,83.9,102.95,117.9,130.4

The minimum charge in 2003 for 3 Day Select shipments is based on an average of 15,,,,,,,
"pounds per package or $62.50, whichever is greater.  Shipment minimum is 200 pounds.",,,,,,,


Note:  UPS 3 Day Select hundredweight rates are for both Commercial and Residential shipments.
