UPS Hundredweight Service�,,,,,,,
Daily Rates for Multiple-Package Domestic Shipments,,,,,,,
"EFFECTIVE JANUARY 6, 2003",,,,,,,
Rates do not include a fuel surcharge.,,,,,,,

UPS Ground,,,,,,,
Hundredweight Shipment Rates per Hundredweight Unit,,,,,,,
Weight Not To Exceed,Zone 2,Zone 3,Zone 4,Zone 5,Zone 6,Zone 7,Zone 8
200 to 499 Lbs.,20.3,26.95,33.55,40.5,47.4,54.3,61.15
500 to 999 Lbs.,18.9,25.05,31.3,37.8,44.25,50.6,57
1000+  Lbs.,19.3,25.55,31.9,38.55,45.1,51.6,58.15

The minimum charge in 2003 for Ground CWT shipments is based on an average of 15 ,,,,,,,
"pounds per package or $62.50, whichever is greater.  Shipment minimum is 200 pounds.",,,,,,,


Note:  UPS Ground hundredweight rates are for both Commercial and Residential shipments.
